id,title,view_count,comment_count,like_count
1,Marion Bridge,5869,96073,36449
2,Tokyo-Ga,32531,50423,33057
3,Picnic at Hanging Rock,87139,86898,28370
4,"Cantante, El",60221,62953,64833
5,"Kiss Before Dying, A",91349,56702,6791
6,"Slingshot, The (Kådisbellan)",32251,23404,21113
7,Illegal,24772,87860,88502
8,The Sea That Thinks,16936,41002,13513
9,The Cat's Out,7379,56235,10621
10,Ride the High Country,51240,81534,11734
11,I Am Love (Io sono l'amore),8637,6261,38991
12,Mr. Mom,59304,88205,19895
13,Evil Remains (Trespassing),42780,51438,10031
14,Witch's Night Out,19200,13577,34074
15,Thirty Day Princess,24610,55263,38474
16,Elle: A Modern Cinderella Tale,89327,34875,31904
17,"Speed Of Thought, The",52640,55971,9607
18,Life for Sale (Kotirauha),47596,59331,16043
19,They Have Escaped (He ovat paenneet),5948,58703,54599
20,"Intruder, The",61559,6337,25957
21,"Hound of the Baskervilles, The",47144,75233,68734
22,Passionada,81216,92204,38023
23,Please Don't Eat the Daisies,11260,22068,67460
24,Sleepwalkers,69626,87142,37206
25,Looking for Maria Sanchez,92992,41127,80208
26,Death of a Salesman,72737,83340,46505
27,"Cadaver Christmas, A",73538,64666,86528
28,Down to the Bone,7181,2207,72375
29,Billy's Holiday,73596,39683,4937
30,"Greatest Love, The (Europa '51)",56571,83407,13886
31,Triumph of the Spirit,50979,26144,4762
32,Death of a Cyclist (Muerte de un ciclista),94227,74854,13900
33,"Christmas Party, The (Joulubileet)",49650,66124,35178
34,Look,47087,74143,37369
35,C.O.G.,4226,87118,31291
36,Miami Rhapsody,79478,2575,32946
37,Under the Stars (Bajo las estrellas),34311,40423,51868
38,"Night of the Following Day, The",53903,84529,12750
39,"Howards of Virginia, The",57996,51215,38364
40,Little Miss Broadway,29704,82639,93417
41,Immediate Family,16107,99983,98306
42,Piranhaconda,57623,66325,63025
43,Ali Baba Goes to Town,1959,44816,29184
44,Charlie Chan in Shanghai,42293,7877,77985
45,Killing Words (Palabras encadenadas),51508,68945,79748
46,"Wing and the Thigh, The (L'aile ou la cuisse)",15175,23901,80376
47,Rolling Family (Familia rodante),13592,88142,6842
48,National Lampoon's Cattle Call (Cattle Call),98329,15058,5179
49,Flame of Barbary Coast,93474,826,8839
50,Wondrous Oblivion,3843,13576,73224
51,"Lucky Texan, The",72159,46594,22469
52,Wolf Children (Okami kodomo no ame to yuki),47382,93000,46136
53,"Reluctant Saint, The",71679,92792,40520
54,Tristram Shandy: A Cock and Bull Story,53130,21687,65411
55,In the Good Old Summertime,76960,54205,81741
56,The Vixen,22322,75423,73696
57,Breakin',10913,37647,26053
58,Death Wish 2,12348,89934,35134
59,"Resident, The",96091,27213,68595
60,End Game,48586,70616,90318
61,Nanny McPhee,61765,64045,76833
62,Troy,23727,86122,93243
63,"Koruto wa ore no pasupooto (Colt Is My Passport, A)",65910,56659,26282
64,Fuck,92789,79603,13902
65,On Probation (Tiempo de Valientes),52042,57978,66783
66,Cliffhanger,6843,76054,37179
67,Pokémon the Movie: White - Victini and Zekrom,65685,43283,34532
68,Mantle,43317,60032,25006
69,Lucrèce Borgia,44446,61570,2854
70,Anita,58010,81605,99551
71,Malèna,4794,10757,81154
72,"Not Love, Just Frenzy (Más que amor, frenesí)",93196,63123,96747
73,"Thief, The (Vor)",44790,41868,51740
74,Wreckers,88649,55466,82444
75,Flower Drum Song,60751,19055,75072
76,"Life of Emile Zola, The",4014,26357,57104
77,Easy A,73173,61208,42750
78,Don't Drink the Water,33831,54869,37136
79,Colorado Territory,60815,52302,15207
80,Agnes Browne,82460,78457,41658
81,Girl in the Cadillac,98138,85761,44347
82,Streamers,92415,73717,12894
83,Tabu,46196,90244,7820
84,"Witch Who Came from the Sea, The",69164,90046,8466
85,22 Bullets (L'immortel),77685,21955,34320
86,Millennium Mambo (Qian xi man po),80323,1622,7024
87,Harry and Walter Go to New York,80569,91630,27022
88,Caravaggio,45002,81366,80617
89,Kink,53446,11593,87476
90,Farmer & Chase,45153,95584,97626
91,Neo Ned,2124,80102,67568
92,Modigliani,74923,38537,32140
93,Tokyo Fiancée,96533,45893,52322
94,"Cheerleaders, The",5997,45537,26140
95,Mortal Thoughts,87535,96388,48725
96,"Summit, The",87198,37064,74684
97,Pulse,62156,27895,69688
98,"Secret Garden, The",23866,96836,56541
99,Games of Love and Chance (L'esquive),25923,51525,82926
100,21 and Over,34486,12856,44766
101,Delirium,90806,87099,79341
102,Hell to Eternity,95781,52975,53689
103,"Dark Knight Rises, The",9281,55218,10566
104,In a Town This Size,7479,26494,85390
105,Trust the Man,50497,87533,62143
106,Stardust,96995,46585,67230
107,"Cat Came Back, The",11978,67259,60209
108,9 Souls (Nain souruzu),19090,36773,16070
109,Let's Get Those English Girls,17908,12551,8456
110,Holy Smoke,99225,11594,99281
111,Absolute Beginners,39379,41938,88621
112,Mississippi Masala,58068,51632,22165
113,Big Easy Express,60002,9933,9712
114,The Last Wagon,65022,96996,79856
115,"Prize, The",25470,58817,11737
116,Cop and ½,68575,91286,27875
117,Don't Tempt Me (Sin noticias de Dios),11076,6165,10687
118,"Dark Angel: Ascent, The",62354,83267,41169
119,Red,14563,78052,53144
120,Wicked Blood,35593,69571,46195
121,Cowboy,64084,93541,10691
122,"Sky Crawlers, The (Sukai kurora)",78944,71492,61892
123,Used People,6183,57954,409
124,It,42970,17466,22150
125,Night of the Living Dead,46043,35424,29901
126,XX/XY,50541,69982,39863
127,Thank You for Smoking,84167,48081,90888
128,Comedian,70785,46851,2073
129,"Iron Lady, The",89913,9416,20791
130,With Friends Like These...,57525,63604,55813
131,Map of the Sounds of Tokyo,57158,52107,63645
132,Patriotism (Yûkoku),15675,47145,6408
133,Ironclad,30637,62621,89807
134,Nightfall,71706,90597,82904
135,Saving Lincoln,60116,27996,4838
136,Age of the Dragons,85158,23445,95208
137,Save Me,70686,65811,10958
138,Charlie Chan in the Secret Service,1640,89408,52728
139,West (Occident),21335,5049,65097
140,Corridors of Blood,40501,9558,19850
141,"Real Cancun, The",66506,90803,95595
142,"Last Temptation of Christ, The",25011,21055,63806
143,"Innocents, The",64770,26471,69846
144,Space Pirate Captain Harlock: Arcadia of My Youth (Waga seishun no Arcadia),63354,3242,96429
145,Midnight Man,87572,2317,32722
146,Mrs. Miniver,4784,75079,95771
147,Numbskull Emptybrook in the Army (Uuno Turhapuro armeijan leivissä),51708,26815,69394
148,These Three,12031,54573,7653
149,Shakthi: The Power,17615,152,54163
150,Viva Knievel!,89553,10095,90886
151,Command Performance,38115,85909,31641
152,Emil i Lönneberga,73343,3796,37261
153,Angels Fall,19759,22559,71134
154,"Haunted, The",68688,49496,27410
155,Micmacs (Micmacs à tire-larigot),89951,1064,79055
156,Seventh Heaven,81655,80507,92284
157,"Snake Pit, The",83733,37678,36870
158,"Adventures of Huck Finn, The",71122,10942,75788
159,"Game of Their Lives, The",36500,64537,1069
160,A mí las mujeres ni fu ni fa,74288,20695,89689
161,"Time to Live, a Time to Die, A (Tong nien wang shi)",28463,92729,44632
162,Urban Cowboy,26707,92223,88551
163,De-Lovely,74630,3611,83716
164,"Blues Brothers, The",73396,39579,86015
165,"Steamroller and the Violin, The (Katok i skripka)",2834,61046,26245
166,Barbarians at the Gate,59285,4119,22188
167,The Devil Thumbs a Ride,65586,60248,79731
168,Jupiter Ascending,44356,270,64684
169,Nazty Nuisance,78154,96369,44618
170,Thank You for Smoking,29838,42219,88262
171,Mass Appeal,92431,71164,68645
172,Ringu 0: Bâsudei,26839,83014,59746
173,Chronicle of My Mother (Waga haha no ki),30161,30174,53331
174,Whispering Corridors (Yeogo Goedam),48750,42517,51892
175,Ira and Abby,59601,19763,60983
176,Painted Fire (Chihwaseon),74989,73473,54863
177,Enter Nowhere,78598,21952,92411
178,Ghost Rider,57768,13856,31624
179,"Rite, The",96555,59991,91919
180,Saving Face,27886,93927,62832
181,Stage Fright (Deliria),67015,35203,98243
182,Dancing Lady,2165,88324,99803
183,Wide Awake,7826,98437,92792
184,Halloweentown II: Kalabar's Revenge,411,4064,91066
185,"Girl, The",81730,17330,86551
186,King Kong,62229,24663,5515
187,Kummeli Alivuokralainen,37758,79220,65154
188,Louis C.K.: Chewed Up,71917,80757,88706
189,"Heroes of Telemark, The ",50778,66540,34984
190,Easy A,63655,69329,31190
191,Seizure,8295,92380,520
192,"Wounds, The (Rane)",91404,69237,10339
193,Darfur Now,48700,83729,98018
194,Kapò,40609,39190,26627
195,Stacy,54587,86424,9590
196,"Art of War III: Retribution, The",34262,98266,17859
197,Up in Arms,43438,25031,10608
198,Demolition Man,42580,16747,72981
199,Manhattan Baby,31607,22598,80267
200,Sharpay's Fabulous Adventure,65571,52090,56828
201,C'mon Man,49,62497,3266
202,"Jo Jo Dancer, Your Life is Calling",19155,33965,41582
203,Land of Happines (Onnen maa),93133,86401,54272
204,Nazis at the Center of the Earth,85307,28132,17894
205,"Dyatlov Pass Incident, The (Devil's Pass)",83265,23654,10953
206,Just Write,83447,18338,37357
207,Pledge This!,29532,48677,46404
208,Slow Southern Steel,96220,81410,27319
209,"Match King, The",72932,36685,29245
210,Dodge City,93684,32475,84849
211,Bikini Summer,48751,29891,8378
212,Modesty Blaise,91305,77166,71308
213,"Dawn Patrol, The",66367,39273,68449
214,Blue Sunshine,72722,39911,9864
215,King's Game (Kongekabale),32145,45817,97129
216,"Titfield Thunderbolt, The",86151,86464,31925
217,She's So Lovely,33275,87283,90195
218,"Barber, The",54940,13406,90466
219,Peter Pan,48224,66850,51057
220,Los Marziano,45588,88423,56966
221,"Reckoning, The",67680,48974,85124
222,Geri's Game,86517,35595,59697
223,Below Sea Level,40793,87773,40540
224,9 Souls (Nain souruzu),83044,9503,48279
225,Along the Ridge (Anche libero va bene),93766,98999,74076
226,"Misérables, Les",63574,60081,67444
227,The Big Cube,45251,34418,39424
228,Camille,47915,44766,22691
229,Today's Special,1736,62882,64072
230,Divorcing Jack,40924,11602,91080
231,"Second Jungle Book: Mowgli & Baloo, The",61378,98120,63090
232,Into the Woods,31388,8061,6621
233,Persona non grata,8785,12036,57794
234,"Birdsong (Cant dels ocells, El)",4147,99751,63184
235,Winchester '73,28945,23449,24919
236,Paper Moon,57964,40136,92370
237,Super Size Me,13696,14063,68705
238,Baghban,26372,30454,91548
239,Camille,26823,97829,92301
240,"Dogs of War, The",94014,63174,9157
241,"Ten Commandments, The",73864,92846,66889
242,Head Above Water,29336,35560,60949
243,"Monuments Men, The",24250,13048,22247
244,Tennessee Johnson,26562,20813,67236
245,"Cry of the Owl, The",48221,85319,54743
246,Blood Shack,42204,18699,36556
247,Man on Wire,35579,68191,68530
248,"Vodka, Mr. Palmu (Vodkaa, komisario Palmu)",82658,32240,87074
249,Tai Chi Master (Twin Warriors) (Tai ji: Zhang San Feng),59789,61551,71817
250,Tibet: Cry of the Snow Lion,33798,7593,63164
251,"Song for Martin, A (Sång för Martin, En)",29106,14808,4622
252,Up the Sandbox,25056,19461,47442
253,Monsieur Hire,97382,57319,48816
254,Stanley Kubrick: A Life in Pictures,37293,1609,83157
255,Nobody Lives Forever,35923,96657,42541
256,50 Children: The Rescue Mission of Mr. And Mrs. Kraus,21615,20943,80318
257,Half a Loaf of Kung Fu (Dian zhi gong fu gan chian chan),72125,99559,6582
258,Private Benjamin,23384,64581,58811
259,Highly Dangerous,88481,21340,55171
260,Blown Away,84236,42964,88070
261,"Culture High, The",15912,11429,60658
262,Zus & Zo,50951,54374,16228
263,Petals on the Wind,23496,91993,44257
264,Assassination Tango,35444,19153,88463
265,Forbidden City Cop (Dai lap mat tam 008),7415,23251,61853
266,There's Always A Woman,16636,15288,4500
267,Mad Monster Party?,41862,93586,40644
268,Blue Caprice,56707,6764,53230
269,Crawlspace,28605,82053,56678
270,Lee Daniels' The Butler,14189,71600,65084
271,Inland Empire,80591,50318,38690
272,Just Cause,59201,44045,5082
273,Bad Medicine,42690,8682,17534
274,"Lodger, The",84106,4086,41772
275,Listen to Your Heart,51991,82709,33107
276,"Life and Times of Judge Roy Bean, The",55546,36404,76354
277,That Awkward Moment,94091,88338,16589
278,Real Steel,6395,86621,20968
279,Joan of Arc,1727,61741,54027
280,Film About a Woman Who...,84889,45371,26271
281,Kuffs,72145,48277,1261
282,"Hell Without Limits (Lugar sin límites, El)",5841,6419,49173
283,Mean Girls 2,82774,48770,78755
284,"Intruder, The",80995,32337,18006
285,Supercross,36621,91181,77540
286,Tribute,75441,1280,2140
287,Breaking the Maya Code,70251,23534,65370
288,"Eighth Day, The (Den Åttonde dagen)",56475,48947,43485
289,Knights of Badassdom,1820,35777,61593
290,Pennies from Heaven,95487,6999,82656
291,With Honors,94271,93405,30126
292,Three Wishes,43600,72551,77432
293,Trial and Error,68548,66703,11438
294,What? (Che?),69374,69420,78107
295,Not One Less (Yi ge dou bu neng shao),76372,47165,15960
296,Miracles - Mr. Canton and Lady Rose,32637,97648,4809
297,Vampires,10623,57918,54986
298,"My Daughter, the Socialist (I kori mou, i sosialistria)",75649,11284,46618
299,Lili's Apron,3910,48065,35341
300,The Bloody Olive,77857,83013,36516
301,Ballad of the Paper Balloons (a.k.a. Humanity and Paper Balloons) (Ninjô kami fûsen),87482,34030,84353
302,Heaven's Gate,98058,98603,32672
303,Alabama's Ghost,9955,79237,36758
304,Scorpio,69975,27990,1513
305,Teddy Bears' Picnic,592,41925,37085
306,Czech Dream (Ceský sen),93078,84167,66681
307,Employee of the Month,84519,98256,39124
308,"Wolf Man, The",946,79199,84752
309,The Diary of a Teenage Girl,23528,52154,74255
310,Random Hearts,81413,14586,14277
311,Man on the Flying Trapeze,14336,49910,65526
312,Attack Force Z (a.k.a. The Z Men) (Z-tzu te kung tui),666,95747,21549
313,Metropolis,88529,43904,26299
314,Zeitgeist: Addendum,17226,11074,39540
315,"Shadow, The",4178,27221,21311
316,"Story of the Late Chrysanthemums, The (Zangiku monogatari)",30868,53230,3713
317,Crisis (Kris),52422,48827,55413
318,"Haunted Castle, The (Schloß Vogeloed)",14789,37003,49324
319,Harvest (Stadt Land Fluss),94697,18764,41678
320,Intohimon vallassa,8162,55193,35100
321,Dragonheart 3: The Sorcerer's Curse,30017,96466,49977
322,Puppetry of the Penis: Live at the Forum (Puppetry of the Penis: The Ancient Art of Genital Origami),80460,17236,75708
323,Crisis: Behind a Presidential Commitment,38606,2392,68963
324,Tokyo Twilight (Tôkyô boshoku),67732,3693,20183
325,"Last September, The",26651,37913,19170
326,Zero de conduite (Zero for Conduct) (Zéro de conduite: Jeunes diables au collège),64054,84150,83376
327,Nayak: The Hero,48096,7970,47691
328,Vampire Effect (The Twins Effect) (Chin gei bin),18169,78711,49677
329,Kill by Inches,1530,27945,90517
330,Sunset Park,22883,86153,59984
331,Ghost Voyage,34171,18069,8617
332,1001 Nights,49666,62157,50473
333,Invisible Ghost,82115,53630,88716
334,Limit (Limite),69396,64242,21676
335,Hard to Be a God,29501,48044,68812
336,Body Count,70953,52911,70007
337,Tom Segura: Completely Normal,63015,59901,83931
338,Stars in Shorts,51195,3231,19842
339,Bernie,85149,88318,48331
340,Urban Menace,70372,78731,11341
341,"Longest Day, The",99631,72536,44848
342,Blind Date,33852,19663,45248
343,Angel-A,55201,88747,37641
344,Billy Bathgate,58004,51419,30665
345,Law of the Lawless (Brigada),23982,22088,44803
346,"Zombie Lake (Lac des morts vivants, Le) (Zombies Lake) (Lake of the Living Dead, The)",20324,94768,2195
347,Let the Good Times Roll,81820,18660,28232
348,Terminal USA,48889,12231,64302
349,"Average Little Man, An (Un borghese piccolo piccolo)",35565,51425,23407
350,"Pet, The",19050,74260,95284
351,"Baby of Mâcon, The (a.k.a. The Baby of Macon)",1604,73261,26807
352,"Temptations, The",20285,72186,3799
353,"Leafie, a Hen Into the Wild (Madangeul Naon Amtak)",84397,6621,84934
354,"Help Me, Eros (Bang bang wo ai shen)",44800,77976,91607
355,Twelve O'Clock High,52496,4013,85287
356,"Perfect Day, A (Un giorno perfetto)",43622,81819,58432
357,Miss Meadows,80635,11087,26241
358,Cool Air,92049,1698,78499
359,"Boy, Did I Get a Wrong Number!",35177,39676,79502
360,Black Cadillac,21926,4577,18955
361,Exodus,33166,60152,68066
362,The Intruders,30261,60836,86055
363,Nobody's Fool,89483,88493,79595
364,Holly,75726,66710,89850
365,What! No Beer?,62778,55735,96036
366,Lullaby,57973,43101,30233
367,Brazil: In the Shadow of the Stadiums,81318,42308,24298
368,Confessions of a Teenage Drama Queen,89993,70848,76088
369,"Overbrook Brothers, The",43259,33258,98539
370,"Exorcist III, The",10204,93577,4171
371,Children of the Corn IV: The Gathering,61668,62394,75527
372,Children (Börn),21696,55676,63582
373,"Long and Short of It, The",11748,6882,69091
374,Alice (Neco z Alenky),47109,25154,98291
375,"Man Next Door, The (El hombre de al lado)",41781,71720,73868
376,Elephants Dream,1403,70795,60196
377,Ingmar Bergman Makes a Movie (Ingmar Bergman gör en film),68830,31577,16481
378,Ladder 49,30757,64539,18078
379,"Flowers of War, The (Jin líng shí san chai)",28621,28956,7534
380,Nick Fury: Agent of S.H.I.E.L.D.,53218,15691,48852
381,"Hedgehog, The (Le hérisson)",85991,77856,33648
382,"Simpsons: The Longest Daycare, The",23536,24888,2040
383,Casino,85651,44067,18836
384,Cinderella,23723,36989,22167
385,Tight Spot,65152,11045,8615
386,"Hospital, The",89986,30573,92524
387,Madeleine,86199,37426,16141
388,"Iceman Cometh, The",85859,56324,65159
389,Hugo Pool,75826,28012,22925
390,Julie,47202,91703,83969
391,Blue Velvet,88692,67048,47350
392,Because I Said So,60540,61374,34998
393,"Lonely Villa, The",59798,5574,75667
394,Barbarella,90974,84702,92361
395,Holiday Engagement,58896,89993,72482
396,Cold Prey (Fritt Vilt),938,97243,72798
397,I'm Not There,89820,36298,86451
398,Harrison's Flowers,15398,81291,88439
399,"Lady with the Dog, The (Dama s sobachkoy)",6531,78666,55845
400,Rasmus på luffen,99186,87885,52962
401,Cooperstown,64296,96418,84518
402,Madagascar,95119,67357,28488
403,Blue,34669,915,5792
404,"Fan, The",89951,57172,58847
405,Jay And Silent Bob's Super Groovy Cartoon Movie,43860,20439,15752
406,Arthur 2: On the Rocks,51995,27605,16486
407,Where Do We Go Now?,16838,34784,75903
408,"Lonely Place to Die, A",81978,24118,51144
409,Tammy and the Bachelor,88202,64871,34861
410,Dog Day Afternoon,5272,61860,49002
411,Hangover Square,84731,68515,27775
412,Black Venus,33083,76416,54108
413,Violet Tendencies,14094,40123,99035
414,"Confessor, The (a.k.a. The Good Shepherd)",13525,10467,96163
415,Mrs. Miniver,79860,7912,64161
416,Zeitgeist: The Movie,34766,9144,88430
417,Armageddon 2012,70077,69412,9073
418,Daredevil,82356,3144,18268
419,San Pietro,92657,88107,23060
420,Musicwood,13215,4595,55955
421,Whiplash,54739,67743,13800
422,London River,17292,25248,63717
423,6 Souls (Shelter),77713,37467,80090
424,The Road to Glory,53937,8953,3091
425,"Sky's the Limit, The",13410,70617,54192
426,Against The Sun,52650,79263,27867
427,McFarland USA,13414,133,82728
428,Liliom,79335,92897,81588
429,Phantasm III: Lord of the Dead,82599,39669,47399
430,Love Ranch,21474,70706,54243
431,More Than a Game,74385,24333,55828
432,Phantom Lady,55413,68489,71939
433,Different from the Others (Anders als die Andern),57867,5973,51293
434,Iris,10207,13073,10713
435,Punk's Dead: SLC Punk! 2,84944,2653,19552
436,Genghis Khan,5085,20511,4797
437,Bugsy Malone,36408,89254,97743
438,Wicked,67334,99500,66806
439,Blackbird,99162,12000,93841
440,No Looking Back,94012,73067,27874
441,Snake and Mongoose,61265,65061,70225
442,W.,41763,61756,76302
443,Flamenco (de Carlos Saura),52492,17159,80986
444,"Mouse on the Moon, The",49510,55488,49585
445,Don't Say a Word,18320,53022,57319
446,Harvard Man,1928,49032,71586
447,"Dead Times (Temps morts, Les)",52490,52794,81939
448,"Sun Shines Bright, The",27362,23769,91840
449,Six Days Seven Nights,70147,62327,94612
450,All the Brothers Were Valiant,53974,28730,31946
451,Grief,94319,77433,90582
452,Campus Radio,7981,52323,8030
453,"Thirty-Nine Steps, The",8868,89682,10065
454,When Brendan Met Trudy,83605,35953,53725
455,"Enforcer, The (Gei ba ba de xin)",38478,98046,55563
456,Broadway Bill,6919,50579,15297
457,Nick the Sting,79412,22863,89283
458,Air Bud: Golden Receiver,71191,41158,20772
459,Westward Ho,53443,85320,58457
460,End of the Century: The Story of the Ramones,99351,78768,77459
461,Tabu,86008,26558,5049
462,Ransom,88792,88983,98935
463,Ratko: The Dictator's Son (National Lampoon's Ratko: The Dictator's Son),8696,2123,98263
464,"Me You Them (Eu, Tu, Eles)",37577,46687,661
465,My Dear Secretary,20135,35874,29226
466,Atlas Shrugged: Part II,30528,77248,79767
467,Tune in Tomorrow...,45283,69248,88895
468,What? (Che?),28409,43153,73664
469,Diverted,16263,10872,74913
470,Ed Wood,96809,14372,54665
471,House of Sand (Casa de Areia),82487,33689,96251
472,Five and Ten,42246,51475,77379
473,Lady in the Water,69888,70981,43958
474,Strange Invaders,98252,90045,37146
475,Cemetery Man (Dellamorte Dellamore),59558,18835,13172
476,Yellow Submarine,22269,15221,98096
477,"Way of the Dragon, The (a.k.a. Return of the Dragon) (Meng long guo jiang)",79612,56906,26375
478,Randy Rides Alone,55789,57832,31761
479,"Late George Apley, The",64839,10857,30668
480,Conquest,63157,56742,68000
481,Albert Nobbs,48500,20574,68475
482,Original Sin,34872,63867,16340
483,Anotherworld,45922,60299,12477
484,Children Shouldn't Play with Dead Things,92875,51967,45041
485,Head On,35861,80734,51716
486,"Law of Enclosures, The",60929,70129,42461
487,I Am Santa Claus,53203,83846,64925
488,Freud: The Secret Passion,75084,11808,51455
489,All is Bright,64585,63100,69422
490,The Frame,31209,85457,63604
491,Alone for Christmas,93637,72438,45169
492,American Pie,60625,23045,25472
493,Recoil,57749,86963,81277
494,"Stepford Wives, The",2950,65471,61131
495,Big Bang in Tunguska (Das Rätsel von Tunguska),12486,40132,16089
496,Home Alone 4,20552,41537,49299
497,Pink Saris,17257,11822,74996
498,Pandemonium,23578,90778,22320
499,Vision Quest,31461,15009,97580
500,Joy Division,10385,56450,66451
501,Lost in La Mancha,98321,22810,99143
502,Six by Sondheim,81485,52131,54039
503,"Muppet Christmas: Letters to Santa, A",79221,32760,54638
504,Firewall,75161,23024,62206
505,"Henry IV, Part I (First Part of King Henry the Fourth, with the Life and Death of Henry Surnamed Hotspur, The)",13996,94689,6311
506,"Last Starfighter, The",77693,6208,91159
507,Notes on a Scandal,63829,47563,38201
508,Destroy All Monsters (Kaijû sôshingeki),34092,69746,69723
509,Into the Woods,5961,20975,13877
510,Marvel One-Shot: Item 47,88761,9555,17883
511,Happy,95077,39606,95635
512,Pulse,57888,42441,59680
513,Take Shelter,32609,73449,6211
514,"Grocer's Son, The (Fils de l'épicier, Le)",87466,45671,71401
515,"Front Line, The",47235,89320,512
516,Deadly Prey,59538,81005,87933
517,4,34369,85144,92671
518,Best Friends,95698,5480,94899
519,Madhouse,99815,8785,13490
520,Captive Heart: The James Mink Story,44444,84214,76407
521,We Are the Best! (Vi är bäst!),90870,46416,79842
522,3 Bad Men,92933,27317,35628
523,Weeds,12757,22975,49612
524,"Best of Everything, The",42804,40843,7687
525,Heathers,60003,66223,33145
526,Between the Devil and the Deep Blue Sea,4208,53248,99075
527,In a World...,49206,83292,20876
528,Teaching Mrs. Tingle,93556,49027,62492
529,Bank Error in Your Favour (Erreur de la banque en votre faveur),57570,13167,45980
530,Throw Down (Yau doh lung fu bong),95634,51304,44118
531,"Artist, The (El Artista)",8820,16710,99608
532,"Dark House, The (Dom zly)",41875,89365,97923
533,"Mill and the Cross, The",93850,84107,96585
534,"Clock, The",75630,78466,58084
535,American Hardcore,35965,55311,91375
536,Tsotsi,95703,48899,26380
537,Seven Days in May,65147,79220,99310
538,Above Suspicion,54358,22960,80706
539,"Corridor, The (Koridorius)",75668,99026,24514
540,Death and the Maiden,85840,77058,32770
541,Life Stinks,61686,44874,20816
542,"Sunset Limited, The",9931,9573,44828
543,Junkopia,42349,56730,68028
544,Transformers: The Movie,76104,88606,72478
545,"Final Cut, The",75497,53749,11388
546,King Kong vs. Godzilla (Kingukongu tai Gojira),77260,95546,55689
547,August (Elokuu) ,89662,14907,74453
548,"Ballad of Little Jo, The",203,50627,34313
549,My Friends (Amici miei),87856,96415,95121
550,Sharkwater,69066,24997,11815
551,i hate myself :),84378,6984,17500
552,Doubt,77934,67936,539
553,"Cool Ones, The",9647,14914,35818
554,"Art of War, The",43763,65606,35287
555,Twisted,60735,45785,65611
556,I Spit on Your Grave,82770,54882,40605
557,State of the Union,35402,83157,10737
558,Two of a Kind,99393,2482,8382
559,In Order Not to Be Here,49140,48347,28049
560,"Beast Must Die, The",89589,19802,85144
561,Dance Flick,31211,91,47095
562,Defense of the Realm,13157,21509,3663
563,"War of the Gargantuas, The (Furankenshutain no kaijû: Sanda tai Gaira)",97047,22523,5576
564,West Beirut (West Beyrouth),12884,53580,62951
565,Secret,75184,32837,73924
566,"Crucified Lovers, The (Chikamatsu monogatari)",68846,29257,51536
567,Man on a Mission: Richard Garriott's Road to the Stars,55333,8063,83186
568,"Unknown Soldier, The (Tuntematon sotilas)",35612,86931,9187
569,"George Lopez: Tall, Dark & Chicano",6839,80274,66677
570,Falcon Rising,12485,96974,5712
571,God Save the King,86096,44119,53875
572,Zabriskie Point,3053,45594,58401
573,Easy Street,17988,30133,30928
574,Broken Blossoms or The Yellow Man and the Girl,62463,92643,43176
575,There's a Girl in My Soup,97556,18429,15433
576,Friends of God: A Road Trip with Alexandra Pelosi,45706,38089,94602
577,I'll Be There,72784,23479,49456
578,Babel,12711,32108,44842
579,Suicide Kings,89351,50228,97654
580,Love Story,35846,71482,96105
581,Maps to the Stars,72201,79850,23055
582,I Spit on Your Grave 2 ,41190,24887,24022
583,Katy Perry: Part of Me,97161,83410,26529
584,"Day I Became a Woman, The (Roozi khe zan shodam)",89468,38602,93190
585,"Baby-Sitters Club, The",49077,81390,90452
586,Winchester '73,98077,80090,54142
587,Land Before Time III: The Time of the Great Giving,78619,5077,74589
588,Futurama: The Beast with a Billion Backs,34297,79376,37154
589,Samoure,97360,68369,55503
590,"Pawnbroker, The",38858,45784,42455
591,"Brute, The (Bruto, El)",48217,14906,16608
592,"Streaks, The (Pregi)",53913,32723,41213
593,Tom Segura: Completely Normal,89313,41275,90010
594,"Edison, the Man",73640,72525,90542
595,"Inspector General, The",68994,2664,25674
596,"English Surgeon, The",73840,52989,29796
597,Hell's Gate 11:11,2340,73558,37143
598,"Beat That My Heart Skipped, The (battre mon coeur s'est arrêté, De)",51771,44229,4340
599,Fish Tank,65691,53768,38646
600,Dragon Ball: Sleeping Princess in Devil's Castle (Doragon bôru: Majinjô no nemuri hime),60131,56155,13261
601,Man Push Cart,67919,54583,69504
602,Mary Poppins,87753,36006,23421
603,Stranger by the Lake (L'inconnu du lac),54636,74044,96086
604,"Pink Ribbons, Inc.",72730,17170,53194
605,"Signal, The",55647,16331,4570
606,Intentions of Murder (a.k.a. Murderous Instincts) (Akai satsui),55663,2210,24669
607,"Painted Veil, The",83206,86729,68972
608,"Andromeda Strain, The",57015,59377,63257
609,Young Tom Edison,15738,18223,21147
610,"Yours, Mine and Ours",98174,32897,47582
611,"Return of Mod Squad, The",58918,31042,32390
612,Orchestra Wives,18831,60438,82915
613,Open Your Eyes (Abre los ojos),86350,21883,33344
614,"Feuer, Eis & Dosenbier",37299,87080,81843
615,Stockholm East (Stockholm Östra),9539,69946,94737
616,Kaena: The Prophecy (Kaena: La prophétie),20595,59792,34552
617,Brothers: The Return,21628,35194,53633
618,Antboy II: Revenge of the Red Fury (Antboy: Den Røde Furies Hævn),87757,52794,86099
619,"Girl on the Train, The (La fille du RER)",12576,17039,8570
620,Small Time,89756,11330,91098
621,Secrets of the Heart (Secretos del Corazón),55303,16766,48714
622,In the Land of Women,64927,14965,56145
623,Immortel (ad vitam) (Immortal),33402,70231,98433
624,"Jane Austen Book Club, The",85480,67312,61860
625,Me and you (io e te),72632,95759,76382
626,Houdini,911,53195,95757
627,Pixote,84854,676,8011
628,The Savior,81962,47534,66582
629,Capitalism: A Love Story,88882,95956,3615
630,"Fistful of Fingers, A",4009,48150,60533
631,Benji ,51596,46632,65486
632,Cowboy Bebop: The Movie (Cowboy Bebop: Tengoku no Tobira),50166,17979,49065
633,Everything You Always Wanted to Know About Sex * But Were Afraid to Ask,68910,68248,74528
634,"Accidental Husband, The",8545,15341,44840
635,Fanny and Alexander (Fanny och Alexander),78246,73265,27538
636,Snow Dogs,50066,29498,93004
637,Easy Street,30293,84337,6863
638,Samson and Delilah,70761,24947,88066
639,Money Train,21022,12591,59900
640,Tobor the Great,75619,89684,92413
641,Go for Zucker! (Alles auf Zucker!),70986,83966,58414
642,La petite reine,85473,73195,79270
643,Piter FM,10231,76351,21657
644,Hitler: The Rise of Evil,38040,32972,47805
645,Münchhausen,11173,23433,20840
646,Antboy II: Revenge of the Red Fury (Antboy: Den Røde Furies Hævn),36350,38915,81265
647,"Topo, El",42581,93490,21509
648,Apollo 13: To the Edge and Back,86221,97434,37015
649,"Motel Life, The",52958,62638,66012
650,From Time to Time,32959,12864,78394
651,Vengeance: The Story of Tony Cimo,76751,62318,338
652,All Quiet on the Western Front,31780,72756,17426
653,Fire Down Below,64212,65229,78071
654,Extraterrestrial,63432,45186,30097
655,Notorious,20594,51217,8670
656,Renaissance,156,72338,39421
657,"Devil Wears Prada, The",52500,96008,47480
658,Cradle 2 the Grave,57277,8524,1649
659,Ikigami,83760,99577,21435
660,Taming the Fire (Ukroshcheniye ognya),79343,95770,90830
661,"Midsummer Night's Dream, A",39410,36484,88181
662,All the Mornings of the World (Tous les matins du monde),67898,65262,71987
663,Bedevilled (Kim Bok-nam salinsageonui jeonmal),37168,33554,7808
664,"Case of You, A",81472,24064,75778
665,"""Great Performances"" Cats",10256,60690,86846
666,Brazilian Western (Faroeste Caboclo),60627,81962,62273
667,Out of Africa,72903,96432,93820
668,Wild Horses (Caballos salvajes),12858,92339,83808
669,Don't Come Knocking,18417,9180,12362
670,Parenthood,88874,28606,8309
671,Isn't She Great?,96894,57961,66953
672,Tell,81607,88484,28729
673,Ingenious,18992,21207,54648
674,Strange Invaders,1218,62286,20211
675,Faithful,17577,80222,4855
676,Accattone,31515,5813,52128
677,By the Sea,77448,59922,59733
678,"Weekend It Lives, The (Ax 'Em)",65988,19653,9262
679,Antiviral,93701,38172,95858
680,The Last Journey,95610,72782,98636
681,Moonwalker,77139,49429,7014
682,"Girl of Your Dreams, The (Niña de tus ojos, La)",87832,73202,71811
683,"End of Violence, The",15148,79451,8477
684,Treasure Planet,54967,15072,57972
685,Livid (Livide),86147,91672,7433
686,Barbershop,6868,1375,38540
687,I Do,96248,25090,80232
688,Dragon Ball: The Path to Power (Doragon bôru: Saikyô e no michi),63292,51614,10805
689,"Age of the Earth, The (A Idade da Terra)",2633,18038,36142
690,Across the Wide Missouri,59947,71258,23333
691,Bad Boys,81396,11789,82267
692,Secrets of the Tribe,32850,44421,97198
693,"Country Bears, The",85830,1798,80904
694,What Have I Done to Deserve This? (¿Qué he hecho yo para merecer esto!!),4368,63867,75322
695,12 O'Clock Boys,83300,2788,65600
696,April Showers,73988,67090,33693
697,Two Hands,66344,54914,71099
698,Aberdeen,80216,64058,81289
699,StreetDance 3D,68293,41584,81694
700,"Goodbye, Dragon Inn (Bu san)",27149,52922,34422
701,"Creeping Terror, The (Crawling Monster, The)",2885,24768,45596
702,Skyscraper (Skyskraber),34978,92224,9620
703,Saving God,35595,74687,54829
704,Nico Icon,35350,68198,28325
705,Brief Crossing (Brève traversée),68811,21242,57185
706,Beau Geste,25533,36975,95749
707,Cocaine Cowboys,36996,13038,69835
708,"World's Greatest Athlete, The",92067,32862,49418
709,By the Bluest of Seas (U samogo sinego morya),45629,98705,63454
710,Firecracker,94775,85745,40196
711,Spies (Spione),62415,55861,66924
712,"Descent, The",75033,94959,72422
713,"Robinson Crusoe (Adventures of Robinson Crusoe, The)",89164,76039,64990
714,Quartet,16851,61943,8212
715,Get Bruce,1430,70976,94081
716,Honor Among Lovers,9521,19833,95173
717,Saratoga,18652,19728,99873
718,Tuesdays with Morrie,24521,66852,17751
719,Open Season,81823,26168,25422
720,My Best Friend's Girl,59983,36860,41759
721,Springsteen & I,66917,52173,27625
722,"Simple Wish, A",85704,11644,87907
723,Jamesy Boy,23129,46624,81927
724,Linewatch,88568,48837,26049
725,Momo,89155,37559,85058
726,Abe Lincoln in Illinois,8184,16986,10796
727,Steel Toes,42504,42700,19704
728,Pittsburgh,80676,53883,15674
729,The Horribly Slow Murderer with the Extremely Inefficient Weapon,91963,83962,50810
730,Jamie and Jessie Are Not Together,25421,11832,87332
731,Defendor,81673,32093,24643
732,Donner Pass,34446,79754,38709
733,"Man from Beyond, The",16342,61585,9251
734,Dangerous Ground,44132,19767,73214
735,Country Life,70760,74915,98766
736,Mixed Nuts,64213,56164,54060
737,Against All Odds,75337,56054,29524
738,Owning Mahowny,38999,56832,42398
739,Unbroken,65055,17876,67476
740,"Hacks (Sink or Swim) (Big Twist, The)",27212,29398,24998
741,"Battle of Shaker Heights, The",9091,3156,89781
742,"Girl from Monaco, The (fille de Monaco, La)",70252,61856,28142
743,Double Solitaire,65013,20144,71363
744,5x2,39624,54255,59984
745,Dead & Buried,13560,84703,80734
746,Cowboy del Amor,38846,87656,99478
747,Vertical Features Remake,47921,61681,23519
748,"Witches of Eastwick, The",85542,14814,41959
749,Black Peter (Cerný Petr),82926,85413,32810
750,Wanted,53241,41759,74189
751,"Hand of Death, The (Shao Lin men)",62876,4493,91228
752,Belle of the Nineties,14912,58002,15381
753,Machine Gun McCain (Gli intoccabili),89356,38565,12527
754,"English Teacher, The",47386,17261,48796
755,Return of the Killer Tomatoes!,26314,65124,90598
756,"Charming Mass Suicide, A (Hurmaava joukkoitsemurha)",4841,80097,63297
757,Bandits,42967,4783,25707
758,Habana Blues,47282,10950,11532
759,"Witchfinder General (Conquerer Worm, The)",47882,70969,33349
760,Asterix & Obelix: God Save Britannia (Astérix et Obélix: Au service de Sa Majesté),97435,71559,64127
761,"Prodigal Son, The (Tuhlaajapoika)",25259,53967,73922
762,Something in the Wind,48496,20051,51717
763,Matilda,83055,58714,39179
764,Bleak Moments,17374,95510,95469
765,"Nanny, The",13013,82528,42268
766,Queen: Days of Our Lives,8225,56652,18642
767,Challenge of the Masters (Liu A-Cai yu Huang Fei-Hong),63684,76746,46892
768,"Vikings, The",47092,21822,20558
769,40 Days and 40 Nights,23086,26363,46681
770,Tatsumi,30381,11240,24178
771,"Son's Room, The (Stanza del figlio, La)",77305,82383,94026
772,Coffy,81465,38067,10517
773,Tiny Toon Adventures: How I Spent My Vacation,15983,34975,92122
774,Martin & Orloff,79,88307,40117
775,7 Seconds,67972,37462,21514
776,Critters,17825,66757,61643
777,Farscape: The Peacekeeper Wars,56337,57503,64577
778,"Personals, The (Zheng hun qi shi)",92749,86913,43154
779,Ernest in the Army,87717,51097,74116
780,"Who Are you Polly Maggoo (Qui êtes-vous, Polly Maggoo?)",22667,87282,91049
781,In Too Deep,88768,54041,3683
782,"Mummy's Hand, The",46733,27659,79576
783,Agony (a.k.a. Rasputin) (Agoniya),64448,43447,18159
784,Borderland,96013,36912,74634
785,Evidence of Blood,89835,19237,1290
786,Western,5897,12371,42279
787,Casanova Brown,82450,91293,88096
788,Free Ride,48119,6685,60308
789,"Comebacks, The",18419,96965,4216
790,Cotton Mary,35822,67233,6598
791,"Villain, The",23448,37663,90477
792,"All Blossoms Again: Pedro Costa, Director (Tout refleurit: Pedro Costa, cinéaste)",4165,23001,36998
793,Cherish,78174,24418,90096
794,"Manzanar Fishing Club, The",47027,51671,74779
795,Highway 61,82606,12870,2467
796,Zorba the Greek (Alexis Zorbas),60048,50988,96269
797,U2 3D,68449,86646,51991
798,"Book of Eli, The",38433,29338,69132
799,Ju-on: Black Ghost,26097,16456,99062
800,Barefoot,78214,79881,62765
801,Breaking the Rules,59005,51058,57629
802,Countdown to Zero,42683,90056,38898
803,"One Percent, The",25097,38454,18380
804,Stagecoach,28818,37582,50023
805,Mina Tannenbaum,79137,97400,13268
806,Wonderful and Loved by All (Underbar och älskad av alla),86094,9409,5204
807,"Children of the Century, The (Enfants du siècle, Les)",25701,58031,54059
808,"Bible, The (a.k.a. Bible... In the Beginning, The)",16383,99479,64509
809,"Ear, The (Ucho)",88978,87396,35989
810,Devil,77013,96922,23170
811,Conan the Barbarian,98738,79655,50692
812,Portraits Chinois,43564,8954,2674
813,Irma Vep,46030,70176,81052
814,"Cutting Edge, The",71630,57138,10141
815,Big Night,33350,52547,69126
816,Samson and Delilah,47343,10071,80206
817,GhostWatcher,38879,24805,42313
818,Prom Night III: The Last Kiss,86193,90382,93135
819,"Gamers, The: Dorkness Rising",79341,68351,78050
820,$ (Dollars),68123,42818,70434
821,Libre échange,30103,88087,98425
822,Carefree,92114,2292,53971
823,We Are the Best! (Vi är bäst!),68309,7398,83934
824,Whistle Down the Wind,84646,8396,31570
825,In God's Hands,83677,46454,86451
826,"Great Debaters, The",64626,11669,94184
827,Kaena: The Prophecy (Kaena: La prophétie),52675,64465,38520
828,Vendetta,31831,20631,51791
829,"Welcome, or No Trespassing",33225,25091,50129
830,Women Robbers (Diebinnen),53775,89222,50839
831,Doggiewoggiez! Poochiewoochiez!,92545,31631,4003
832,Greetings,75129,51781,64458
833,Sun Don't Shine,53369,36714,4563
834,Shiver (Eskalofrío),74737,68768,60404
835,"Adjuster, The",20531,99411,16747
836,"Sea Gull, The",17993,81200,71823
837,Being Cyrus,91756,56776,31465
838,Night of the Zombies (a.k.a. Hell of the Living Dead) (Virus),25965,49868,72111
839,The First Men in the Moon,21220,849,86325
840,The (Dead Mothers) Club,2310,79724,76591
841,"Man in the Moon, The",84579,88923,96146
842,Between the Folds,51352,48685,9377
843,"Leech Woman, The",57035,83591,21716
844,Everybody's Acting,22388,83290,76192
845,Bobby,97531,12718,88267
846,Bad Guy (Nabbeun namja),78981,83029,75589
847,Following,77271,34550,97905
848,"Tomb of Ligeia, The",63560,86530,71195
849,"Show, The",59256,50197,50221
850,"Visitor, The",90934,61881,96468
851,Ironclad,17418,3546,82081
852,Trancers II,54859,82026,57821
853,Fires Were Started,57616,48662,9368
854,Bugmaster (Mushishi),10172,15810,79543
855,Run If You Can,14568,33073,80996
856,Why Stop Now,24226,70665,33783
857,Too Big to Fail,79547,21302,42607
858,Hot Millions,98643,98521,67673
859,Good Copy Bad Copy,36362,81014,45185
860,Breach,93616,31561,87515
861,Me and My Sister,47694,96773,41391
862,"Small Back Room, The",7780,1381,1218
863,Illegal,96211,29250,81775
864,Down Twisted,77097,34245,6764
865,The Borderlands,18941,7011,23411
866,Retribution (Sakebi),69707,80886,5842
867,"Concert for George, The",74537,20025,11047
868,"Matter of Taste, A (Affaire de Goût, Une)",99564,14269,44489
869,Scarface,65954,8578,888
870,Werner - Beinhart!,75077,10645,79972
871,"Station Agent, The",87994,13472,62830
872,S. Darko (S. Darko: A Donnie Darko Tale),18731,94316,84244
873,Ruhr,75777,18707,8903
874,"Deathmaker, The (Totmacher, Der)",41244,36879,96626
875,Foul Play,61958,78301,21555
876,New York Confidential,35504,99934,30721
877,Alice and Martin (Alice et Martin),69487,19535,96282
878,"Canterbury Tale, A",75353,80877,94279
879,"Valley of Decision, The",97343,11589,28332
880,"Philosophers, The (After The Dark)",75753,96678,73649
881,Wend Kuuni (a.k.a. God's Gift),68058,65060,36959
882,Hell Drivers,79985,42900,14765
883,Summer Palace (Yihe yuan),15052,58322,50891
884,Racing Dreams,12196,57794,21148
885,Arguing the World,61453,98784,65006
886,Kids for Cash,26437,51632,50112
887,Lupin III: First Contact (Rupan Sansei: Faasuto Kontakuto),93568,92242,12230
888,I Am the Law,37039,60347,84442
889,"Valley of Decision, The",69513,1193,50231
890,Boy Wonder,78647,46136,89748
891,Needful Things,258,77593,58881
892,Leave Her to Heaven,73168,10870,8091
893,"White Sun of the Desert, The (Beloe solntse pustyni)",23990,16836,47709
894,International House,67402,63667,55833
895,Caught Inside,85423,41239,3396
896,Night Crossing,23510,8203,34598
897,Breathing Fire,67246,64046,98530
898,Gates of Heaven,12,44904,43333
899,"Our Lady of the Assassins (Virgen de los sicarios, La)",97482,496,45944
900,"Assassin Next Door, The (Kirot)",29735,66532,16892
901,"Third Wheel, The",11124,57502,51758
902,"NeverEnding Story II: The Next Chapter, The",60992,69735,9557
903,Little Nikita,77974,47805,82423
904,Sherman's March,79559,32712,45281
905,"Angus, Thongs and Perfect Snogging",77146,4495,88015
906,Bongwater,55938,78679,50249
907,Narrien illat ,81803,1565,8531
908,American Friends,18384,27744,43846
909,Cobra,97381,57330,52989
910,Riding in Cars with Boys,95640,53473,74322
911,King of California,31306,61926,2791
912,Admission,15909,5924,19508
913,Downhill Racer,14043,36912,49927
914,Caroline?,23704,7602,94031
915,Eureka (Yurîka),40877,6332,99608
916,Warrior,20783,96447,36435
917,"Grass Harp, The",93139,69475,47041
918,"Possession of Joel Delaney, The",12027,30366,50353
919,Burnt Money (Plata Quemada),59356,80945,1967
920,Children of the Secret State,64054,9915,23306
921,Blame it on Fidel! (La faute à Fidel!),52666,88716,35880
922,Dragon Ball Z: Dead Zone (Doragon bôru Z 1: Ora no Gohan wo kaese),40296,34845,57387
923,Cuckoo in a Dark Forest (Kukacka v temném lese) ,59725,92296,78967
924,I've Loved You So Long (Il y a longtemps que je t'aime),86378,541,22403
925,Männerherzen... und die ganz ganz große Liebe,63311,7767,99292
926,Inside Paris (Dans Paris),67197,29884,30972
927,One Bright Shining Moment,6053,39739,97172
928,"Stone Left Unturned, A (Kovat miehet)",8307,67167,83545
929,"Crimson Petal and the White, The",25376,78525,18805
930,"Leech Woman, The",3061,51108,35814
931,"Lake House, The",10354,23620,54869
932,Mahjong (Ma jiang),35534,70517,13256
933,Juliet of the Spirits (Giulietta degli spiriti),41457,63258,99733
934,Metal: A Headbanger's Journey,97077,49126,92963
935,We Were Soldiers,63785,14236,5269
936,You're Telling Me!,41877,36964,66241
937,"Stickup, The",24569,1712,27874
938,April Showers,34653,11043,47044
939,What No One Knows (Det som ingen ved),92130,3002,80507
940,I'm Gonna Git You Sucka,75760,50822,95782
941,The Cop in Blue Jeans,47614,52212,12594
942,"Story of a Cheat, The (Roman d'un tricheur, Le)",32072,4095,17237
943,Mockingbird Don't Sing,62441,15424,55583
944,Reclaim Your Brain (Free Rainer),39728,46637,96538
945,"Holding, The",7418,30891,74244
946,"Tale of the Wind, A (Histoire de vent, Une)",76011,45447,62835
947,Aileen Wuornos: The Selling of a Serial Killer,71612,14475,49869
948,It Happened Here,12363,11308,42602
949,One False Move,1342,15197,61777
950,Paris,27676,20594,67408
951,Psycho II,7362,11637,10468
952,Benji,33567,10145,66095
953,Trash,54855,68510,8371
954,Fog City Mavericks,82049,85796,99020
955,Bringing Up Bobby,91000,83541,21189
956,"Seven Little Foys, The",87199,82915,18295
957,Nine,11190,69175,76308
958,"Boogie (Boogie, el aceitoso)",49637,89872,38427
959,"Color of Pomegranates, The (Sayat Nova)",61953,41620,48891
960,Hell Up in Harlem,79429,90059,30633
961,Solomon Northup's Odyssey,93866,83710,60208
962,Let's Go to Prison,51022,15749,34255
963,Freaked,87889,48351,17380
964,Cyrano de Bergerac,57805,90551,7674
965,Stir of Echoes,48983,3988,51076
966,"Cost of Living, The (Le coût de la vie)",88802,90134,3200
967,Lost for Life,20134,30053,6723
968,Paheli,48234,74434,1024
969,"Stickup, The",47635,79863,28263
970,America's Sweethearts,6267,81621,75466
971,"Power of Kangwon Province, The (Kangwon-do ui him)",35017,21478,8712
972,"Mysterious Island, The",34501,8211,16531
973,Breathless,33125,50702,470
974,Skyscraper Souls,48210,94451,31799
975,Bizarre,84849,48914,23692
976,1971,21702,97902,59145
977,"Public Enemy, The",59083,1796,75214
978,Vodka Lemon,16183,91078,40305
979,Snow on Tha Bluff,88411,93445,29536
980,Killers,35267,59777,17224
981,127 Hours,56499,74010,45911
982,"Tortoise and the Hare, The",55392,83019,66137
983,Cross of Iron,4112,10641,53948
984,Father Sergius (Otets Sergiy),47974,52988,49829
985,The Way He Looks,87655,202,7455
986,Herman's House,44281,34983,17216
987,Robot Monster,5990,55444,29637
988,"Night of the Generals, The",2154,79211,98771
989,Must Love Dogs,34219,56131,74346
990,"Hail Mary ('Je vous salue, Marie')",86900,64161,26876
991,Leaves of Grass,6846,41119,46178
992,Fur: An Imaginary Portrait of Diane Arbus,14377,90412,28629
993,This Is the End,5761,54192,48660
994,Panama Hattie,4258,5489,20134
995,Dingo,94259,67605,76167
996,Drift,14203,15752,51594
997,"Kingdom II, The (Riget II)",98408,46387,24751
998,A Night at the Movies: The Suspenseful World of Thrillers,78598,27213,32542
999,"Andromeda Strain, The",82249,93963,94323
1000,Shadows of Our Forgotten Ancestors (Tini zabutykh predkiv),87125,15412,85843
